name0,value0
name1,value1
name2,value2
name3,value3
name4,value4
name5,value5
name6,value6
name7,value7
name8,value8
name9,value9
name10,value10
name11,value11
name12,value12
name13,value13
name14,value14
name15,value15
name16,value16
name17,value17
name18,value18
name19,value19
name20,value20
name21,value21
name22,value22
name23,value23
name24,value24
name25,value25
name26,value26
name27,value27
name28,value28
name29,value29
name30,value30
name31,value31
name32,value32
name33,value33
name34,value34
name35,value35
name36,value36
name37,value37
name38,value38
name39,value39
name40,value40
name41,value41
name42,value42
name43,value43
name44,value44
name45,value45
name46,value46
name47,value47
name48,value48
name49,value49
name50,value50
name51,value51
name52,value52
name53,value53
name54,value54
name55,value55
name56,value56
name57,value57
name58,value58
name59,value59
name60,value60
name61,value61
name62,value62
name63,value63
name64,value64
name65,value65
name66,value66
name67,value67
name68,value68
name69,value69
name70,value70
name71,value71
name72,value72
name73,value73
name74,value74
name75,value75
name76,value76
name77,value77
name78,value78
name79,value79
name80,value80
name81,value81
name82,value82
name83,value83
name84,value84
name85,value85
name86,value86
name87,value87
name88,value88
name89,value89
name90,value90
name91,value91
name92,value92
name93,value93
name94,value94
name95,value95
name96,value96
name97,value97
name98,value98
name99,value99
